[
{
    "model": "auth.permission",
    "pk": 1,
    "fields": {
        "name": "Can add log entry",
        "content_type": 1,
        "codename": "add_logentry"
    }
},
{
    "model": "auth.permission",
    "pk": 2,
    "fields": {
        "name": "Can change log entry",
        "content_type": 1,
        "codename": "change_logentry"
    }
},
{
    "model": "auth.permission",
    "pk": 3,
    "fields": {
        "name": "Can delete log entry",
        "content_type": 1,
        "codename": "delete_logentry"
    }
},
{
    "model": "auth.permission",
    "pk": 4,
    "fields": {
        "name": "Can view log entry",
        "content_type": 1,
        "codename": "view_logentry"
    }
},
{
    "model": "auth.permission",
    "pk": 5,
    "fields": {
        "name": "Can add permission",
        "content_type": 2,
        "codename": "add_permission"
    }
},
{
    "model": "auth.permission",
    "pk": 6,
    "fields": {
        "name": "Can change permission",
        "content_type": 2,
        "codename": "change_permission"
    }
},
{
    "model": "auth.permission",
    "pk": 7,
    "fields": {
        "name": "Can delete permission",
        "content_type": 2,
        "codename": "delete_permission"
    }
},
{
    "model": "auth.permission",
    "pk": 8,
    "fields": {
        "name": "Can view permission",
        "content_type": 2,
        "codename": "view_permission"
    }
},
{
    "model": "auth.permission",
    "pk": 9,
    "fields": {
        "name": "Can add group",
        "content_type": 3,
        "codename": "add_group"
    }
},
{
    "model": "auth.permission",
    "pk": 10,
    "fields": {
        "name": "Can change group",
        "content_type": 3,
        "codename": "change_group"
    }
},
{
    "model": "auth.permission",
    "pk": 11,
    "fields": {
        "name": "Can delete group",
        "content_type": 3,
        "codename": "delete_group"
    }
},
{
    "model": "auth.permission",
    "pk": 12,
    "fields": {
        "name": "Can view group",
        "content_type": 3,
        "codename": "view_group"
    }
},
{
    "model": "auth.permission",
    "pk": 13,
    "fields": {
        "name": "Can add content type",
        "content_type": 4,
        "codename": "add_contenttype"
    }
},
{
    "model": "auth.permission",
    "pk": 14,
    "fields": {
        "name": "Can change content type",
        "content_type": 4,
        "codename": "change_contenttype"
    }
},
{
    "model": "auth.permission",
    "pk": 15,
    "fields": {
        "name": "Can delete content type",
        "content_type": 4,
        "codename": "delete_contenttype"
    }
},
{
    "model": "auth.permission",
    "pk": 16,
    "fields": {
        "name": "Can view content type",
        "content_type": 4,
        "codename": "view_contenttype"
    }
},
{
    "model": "auth.permission",
    "pk": 17,
    "fields": {
        "name": "Can add session",
        "content_type": 5,
        "codename": "add_session"
    }
},
{
    "model": "auth.permission",
    "pk": 18,
    "fields": {
        "name": "Can change session",
        "content_type": 5,
        "codename": "change_session"
    }
},
{
    "model": "auth.permission",
    "pk": 19,
    "fields": {
        "name": "Can delete session",
        "content_type": 5,
        "codename": "delete_session"
    }
},
{
    "model": "auth.permission",
    "pk": 20,
    "fields": {
        "name": "Can view session",
        "content_type": 5,
        "codename": "view_session"
    }
},
{
    "model": "auth.permission",
    "pk": 21,
    "fields": {
        "name": "Can add user",
        "content_type": 6,
        "codename": "add_usuario"
    }
},
{
    "model": "auth.permission",
    "pk": 22,
    "fields": {
        "name": "Can change user",
        "content_type": 6,
        "codename": "change_usuario"
    }
},
{
    "model": "auth.permission",
    "pk": 23,
    "fields": {
        "name": "Can delete user",
        "content_type": 6,
        "codename": "delete_usuario"
    }
},
{
    "model": "auth.permission",
    "pk": 24,
    "fields": {
        "name": "Can view user",
        "content_type": 6,
        "codename": "view_usuario"
    }
},
{
    "model": "auth.permission",
    "pk": 25,
    "fields": {
        "name": "Can add cliente",
        "content_type": 7,
        "codename": "add_cliente"
    }
},
{
    "model": "auth.permission",
    "pk": 26,
    "fields": {
        "name": "Can change cliente",
        "content_type": 7,
        "codename": "change_cliente"
    }
},
{
    "model": "auth.permission",
    "pk": 27,
    "fields": {
        "name": "Can delete cliente",
        "content_type": 7,
        "codename": "delete_cliente"
    }
},
{
    "model": "auth.permission",
    "pk": 28,
    "fields": {
        "name": "Can view cliente",
        "content_type": 7,
        "codename": "view_cliente"
    }
},
{
    "model": "auth.permission",
    "pk": 29,
    "fields": {
        "name": "Can add comodidad",
        "content_type": 8,
        "codename": "add_comodidad"
    }
},
{
    "model": "auth.permission",
    "pk": 30,
    "fields": {
        "name": "Can change comodidad",
        "content_type": 8,
        "codename": "change_comodidad"
    }
},
{
    "model": "auth.permission",
    "pk": 31,
    "fields": {
        "name": "Can delete comodidad",
        "content_type": 8,
        "codename": "delete_comodidad"
    }
},
{
    "model": "auth.permission",
    "pk": 32,
    "fields": {
        "name": "Can view comodidad",
        "content_type": 8,
        "codename": "view_comodidad"
    }
},
{
    "model": "auth.permission",
    "pk": 33,
    "fields": {
        "name": "Can add evento",
        "content_type": 9,
        "codename": "add_evento"
    }
},
{
    "model": "auth.permission",
    "pk": 34,
    "fields": {
        "name": "Can change evento",
        "content_type": 9,
        "codename": "change_evento"
    }
},
{
    "model": "auth.permission",
    "pk": 35,
    "fields": {
        "name": "Can delete evento",
        "content_type": 9,
        "codename": "delete_evento"
    }
},
{
    "model": "auth.permission",
    "pk": 36,
    "fields": {
        "name": "Can view evento",
        "content_type": 9,
        "codename": "view_evento"
    }
},
{
    "model": "auth.permission",
    "pk": 37,
    "fields": {
        "name": "Can add habitacion",
        "content_type": 10,
        "codename": "add_habitacion"
    }
},
{
    "model": "auth.permission",
    "pk": 38,
    "fields": {
        "name": "Can change habitacion",
        "content_type": 10,
        "codename": "change_habitacion"
    }
},
{
    "model": "auth.permission",
    "pk": 39,
    "fields": {
        "name": "Can delete habitacion",
        "content_type": 10,
        "codename": "delete_habitacion"
    }
},
{
    "model": "auth.permission",
    "pk": 40,
    "fields": {
        "name": "Can view habitacion",
        "content_type": 10,
        "codename": "view_habitacion"
    }
},
{
    "model": "auth.permission",
    "pk": 41,
    "fields": {
        "name": "Can add reserva",
        "content_type": 11,
        "codename": "add_reserva"
    }
},
{
    "model": "auth.permission",
    "pk": 42,
    "fields": {
        "name": "Can change reserva",
        "content_type": 11,
        "codename": "change_reserva"
    }
},
{
    "model": "auth.permission",
    "pk": 43,
    "fields": {
        "name": "Can delete reserva",
        "content_type": 11,
        "codename": "delete_reserva"
    }
},
{
    "model": "auth.permission",
    "pk": 44,
    "fields": {
        "name": "Can view reserva",
        "content_type": 11,
        "codename": "view_reserva"
    }
},
{
    "model": "auth.permission",
    "pk": 45,
    "fields": {
        "name": "Can add reserva servicio",
        "content_type": 12,
        "codename": "add_reservaservicio"
    }
},
{
    "model": "auth.permission",
    "pk": 46,
    "fields": {
        "name": "Can change reserva servicio",
        "content_type": 12,
        "codename": "change_reservaservicio"
    }
},
{
    "model": "auth.permission",
    "pk": 47,
    "fields": {
        "name": "Can delete reserva servicio",
        "content_type": 12,
        "codename": "delete_reservaservicio"
    }
},
{
    "model": "auth.permission",
    "pk": 48,
    "fields": {
        "name": "Can view reserva servicio",
        "content_type": 12,
        "codename": "view_reservaservicio"
    }
},
{
    "model": "auth.permission",
    "pk": 49,
    "fields": {
        "name": "Can add uploaded file",
        "content_type": 13,
        "codename": "add_uploadedfile"
    }
},
{
    "model": "auth.permission",
    "pk": 50,
    "fields": {
        "name": "Can change uploaded file",
        "content_type": 13,
        "codename": "change_uploadedfile"
    }
},
{
    "model": "auth.permission",
    "pk": 51,
    "fields": {
        "name": "Can delete uploaded file",
        "content_type": 13,
        "codename": "delete_uploadedfile"
    }
},
{
    "model": "auth.permission",
    "pk": 52,
    "fields": {
        "name": "Can view uploaded file",
        "content_type": 13,
        "codename": "view_uploadedfile"
    }
},
{
    "model": "auth.permission",
    "pk": 53,
    "fields": {
        "name": "Can add servicio",
        "content_type": 14,
        "codename": "add_servicio"
    }
},
{
    "model": "auth.permission",
    "pk": 54,
    "fields": {
        "name": "Can change servicio",
        "content_type": 14,
        "codename": "change_servicio"
    }
},
{
    "model": "auth.permission",
    "pk": 55,
    "fields": {
        "name": "Can delete servicio",
        "content_type": 14,
        "codename": "delete_servicio"
    }
},
{
    "model": "auth.permission",
    "pk": 56,
    "fields": {
        "name": "Can view servicio",
        "content_type": 14,
        "codename": "view_servicio"
    }
},
{
    "model": "auth.permission",
    "pk": 57,
    "fields": {
        "name": "Can add reserva evento",
        "content_type": 15,
        "codename": "add_reservaevento"
    }
},
{
    "model": "auth.permission",
    "pk": 58,
    "fields": {
        "name": "Can change reserva evento",
        "content_type": 15,
        "codename": "change_reservaevento"
    }
},
{
    "model": "auth.permission",
    "pk": 59,
    "fields": {
        "name": "Can delete reserva evento",
        "content_type": 15,
        "codename": "delete_reservaevento"
    }
},
{
    "model": "auth.permission",
    "pk": 60,
    "fields": {
        "name": "Can view reserva evento",
        "content_type": 15,
        "codename": "view_reservaevento"
    }
},
{
    "model": "auth.permission",
    "pk": 61,
    "fields": {
        "name": "Can add puntuacion",
        "content_type": 16,
        "codename": "add_puntuacion"
    }
},
{
    "model": "auth.permission",
    "pk": 62,
    "fields": {
        "name": "Can change puntuacion",
        "content_type": 16,
        "codename": "change_puntuacion"
    }
},
{
    "model": "auth.permission",
    "pk": 63,
    "fields": {
        "name": "Can delete puntuacion",
        "content_type": 16,
        "codename": "delete_puntuacion"
    }
},
{
    "model": "auth.permission",
    "pk": 64,
    "fields": {
        "name": "Can view puntuacion",
        "content_type": 16,
        "codename": "view_puntuacion"
    }
},
{
    "model": "auth.permission",
    "pk": 65,
    "fields": {
        "name": "Can add promocion",
        "content_type": 17,
        "codename": "add_promocion"
    }
},
{
    "model": "auth.permission",
    "pk": 66,
    "fields": {
        "name": "Can change promocion",
        "content_type": 17,
        "codename": "change_promocion"
    }
},
{
    "model": "auth.permission",
    "pk": 67,
    "fields": {
        "name": "Can delete promocion",
        "content_type": 17,
        "codename": "delete_promocion"
    }
},
{
    "model": "auth.permission",
    "pk": 68,
    "fields": {
        "name": "Can view promocion",
        "content_type": 17,
        "codename": "view_promocion"
    }
},
{
    "model": "auth.permission",
    "pk": 69,
    "fields": {
        "name": "Can add habitacion favorita",
        "content_type": 18,
        "codename": "add_habitacionfavorita"
    }
},
{
    "model": "auth.permission",
    "pk": 70,
    "fields": {
        "name": "Can change habitacion favorita",
        "content_type": 18,
        "codename": "change_habitacionfavorita"
    }
},
{
    "model": "auth.permission",
    "pk": 71,
    "fields": {
        "name": "Can delete habitacion favorita",
        "content_type": 18,
        "codename": "delete_habitacionfavorita"
    }
},
{
    "model": "auth.permission",
    "pk": 72,
    "fields": {
        "name": "Can view habitacion favorita",
        "content_type": 18,
        "codename": "view_habitacionfavorita"
    }
},
{
    "model": "auth.permission",
    "pk": 73,
    "fields": {
        "name": "Can add habitacion comodidad",
        "content_type": 19,
        "codename": "add_habitacioncomodidad"
    }
},
{
    "model": "auth.permission",
    "pk": 74,
    "fields": {
        "name": "Can change habitacion comodidad",
        "content_type": 19,
        "codename": "change_habitacioncomodidad"
    }
},
{
    "model": "auth.permission",
    "pk": 75,
    "fields": {
        "name": "Can delete habitacion comodidad",
        "content_type": 19,
        "codename": "delete_habitacioncomodidad"
    }
},
{
    "model": "auth.permission",
    "pk": 76,
    "fields": {
        "name": "Can view habitacion comodidad",
        "content_type": 19,
        "codename": "view_habitacioncomodidad"
    }
},
{
    "model": "auth.permission",
    "pk": 77,
    "fields": {
        "name": "Can add estancia",
        "content_type": 20,
        "codename": "add_estancia"
    }
},
{
    "model": "auth.permission",
    "pk": 78,
    "fields": {
        "name": "Can change estancia",
        "content_type": 20,
        "codename": "change_estancia"
    }
},
{
    "model": "auth.permission",
    "pk": 79,
    "fields": {
        "name": "Can delete estancia",
        "content_type": 20,
        "codename": "delete_estancia"
    }
},
{
    "model": "auth.permission",
    "pk": 80,
    "fields": {
        "name": "Can view estancia",
        "content_type": 20,
        "codename": "view_estancia"
    }
},
{
    "model": "auth.permission",
    "pk": 81,
    "fields": {
        "name": "Can add empleado",
        "content_type": 21,
        "codename": "add_empleado"
    }
},
{
    "model": "auth.permission",
    "pk": 82,
    "fields": {
        "name": "Can change empleado",
        "content_type": 21,
        "codename": "change_empleado"
    }
},
{
    "model": "auth.permission",
    "pk": 83,
    "fields": {
        "name": "Can delete empleado",
        "content_type": 21,
        "codename": "delete_empleado"
    }
},
{
    "model": "auth.permission",
    "pk": 84,
    "fields": {
        "name": "Can view empleado",
        "content_type": 21,
        "codename": "view_empleado"
    }
},
{
    "model": "auth.permission",
    "pk": 85,
    "fields": {
        "name": "Can add cuenta bancaria",
        "content_type": 22,
        "codename": "add_cuentabancaria"
    }
},
{
    "model": "auth.permission",
    "pk": 86,
    "fields": {
        "name": "Can change cuenta bancaria",
        "content_type": 22,
        "codename": "change_cuentabancaria"
    }
},
{
    "model": "auth.permission",
    "pk": 87,
    "fields": {
        "name": "Can delete cuenta bancaria",
        "content_type": 22,
        "codename": "delete_cuentabancaria"
    }
},
{
    "model": "auth.permission",
    "pk": 88,
    "fields": {
        "name": "Can view cuenta bancaria",
        "content_type": 22,
        "codename": "view_cuentabancaria"
    }
},
{
    "model": "auth.permission",
    "pk": 89,
    "fields": {
        "name": "Can add comentario",
        "content_type": 23,
        "codename": "add_comentario"
    }
},
{
    "model": "auth.permission",
    "pk": 90,
    "fields": {
        "name": "Can change comentario",
        "content_type": 23,
        "codename": "change_comentario"
    }
},
{
    "model": "auth.permission",
    "pk": 91,
    "fields": {
        "name": "Can delete comentario",
        "content_type": 23,
        "codename": "delete_comentario"
    }
},
{
    "model": "auth.permission",
    "pk": 92,
    "fields": {
        "name": "Can view comentario",
        "content_type": 23,
        "codename": "view_comentario"
    }
},
{
    "model": "auth.permission",
    "pk": 93,
    "fields": {
        "name": "Can add check out",
        "content_type": 24,
        "codename": "add_checkout"
    }
},
{
    "model": "auth.permission",
    "pk": 94,
    "fields": {
        "name": "Can change check out",
        "content_type": 24,
        "codename": "change_checkout"
    }
},
{
    "model": "auth.permission",
    "pk": 95,
    "fields": {
        "name": "Can delete check out",
        "content_type": 24,
        "codename": "delete_checkout"
    }
},
{
    "model": "auth.permission",
    "pk": 96,
    "fields": {
        "name": "Can view check out",
        "content_type": 24,
        "codename": "view_checkout"
    }
},
{
    "model": "auth.permission",
    "pk": 97,
    "fields": {
        "name": "Can add check in",
        "content_type": 25,
        "codename": "add_checkin"
    }
},
{
    "model": "auth.permission",
    "pk": 98,
    "fields": {
        "name": "Can change check in",
        "content_type": 25,
        "codename": "change_checkin"
    }
},
{
    "model": "auth.permission",
    "pk": 99,
    "fields": {
        "name": "Can delete check in",
        "content_type": 25,
        "codename": "delete_checkin"
    }
},
{
    "model": "auth.permission",
    "pk": 100,
    "fields": {
        "name": "Can view check in",
        "content_type": 25,
        "codename": "view_checkin"
    }
},
{
    "model": "auth.permission",
    "pk": 101,
    "fields": {
        "name": "Can add application",
        "content_type": 26,
        "codename": "add_application"
    }
},
{
    "model": "auth.permission",
    "pk": 102,
    "fields": {
        "name": "Can change application",
        "content_type": 26,
        "codename": "change_application"
    }
},
{
    "model": "auth.permission",
    "pk": 103,
    "fields": {
        "name": "Can delete application",
        "content_type": 26,
        "codename": "delete_application"
    }
},
{
    "model": "auth.permission",
    "pk": 104,
    "fields": {
        "name": "Can view application",
        "content_type": 26,
        "codename": "view_application"
    }
},
{
    "model": "auth.permission",
    "pk": 105,
    "fields": {
        "name": "Can add access token",
        "content_type": 27,
        "codename": "add_accesstoken"
    }
},
{
    "model": "auth.permission",
    "pk": 106,
    "fields": {
        "name": "Can change access token",
        "content_type": 27,
        "codename": "change_accesstoken"
    }
},
{
    "model": "auth.permission",
    "pk": 107,
    "fields": {
        "name": "Can delete access token",
        "content_type": 27,
        "codename": "delete_accesstoken"
    }
},
{
    "model": "auth.permission",
    "pk": 108,
    "fields": {
        "name": "Can view access token",
        "content_type": 27,
        "codename": "view_accesstoken"
    }
},
{
    "model": "auth.permission",
    "pk": 109,
    "fields": {
        "name": "Can add grant",
        "content_type": 28,
        "codename": "add_grant"
    }
},
{
    "model": "auth.permission",
    "pk": 110,
    "fields": {
        "name": "Can change grant",
        "content_type": 28,
        "codename": "change_grant"
    }
},
{
    "model": "auth.permission",
    "pk": 111,
    "fields": {
        "name": "Can delete grant",
        "content_type": 28,
        "codename": "delete_grant"
    }
},
{
    "model": "auth.permission",
    "pk": 112,
    "fields": {
        "name": "Can view grant",
        "content_type": 28,
        "codename": "view_grant"
    }
},
{
    "model": "auth.permission",
    "pk": 113,
    "fields": {
        "name": "Can add refresh token",
        "content_type": 29,
        "codename": "add_refreshtoken"
    }
},
{
    "model": "auth.permission",
    "pk": 114,
    "fields": {
        "name": "Can change refresh token",
        "content_type": 29,
        "codename": "change_refreshtoken"
    }
},
{
    "model": "auth.permission",
    "pk": 115,
    "fields": {
        "name": "Can delete refresh token",
        "content_type": 29,
        "codename": "delete_refreshtoken"
    }
},
{
    "model": "auth.permission",
    "pk": 116,
    "fields": {
        "name": "Can view refresh token",
        "content_type": 29,
        "codename": "view_refreshtoken"
    }
},
{
    "model": "auth.permission",
    "pk": 117,
    "fields": {
        "name": "Can add id token",
        "content_type": 30,
        "codename": "add_idtoken"
    }
},
{
    "model": "auth.permission",
    "pk": 118,
    "fields": {
        "name": "Can change id token",
        "content_type": 30,
        "codename": "change_idtoken"
    }
},
{
    "model": "auth.permission",
    "pk": 119,
    "fields": {
        "name": "Can delete id token",
        "content_type": 30,
        "codename": "delete_idtoken"
    }
},
{
    "model": "auth.permission",
    "pk": 120,
    "fields": {
        "name": "Can view id token",
        "content_type": 30,
        "codename": "view_idtoken"
    }
},
{
    "model": "contenttypes.contenttype",
    "pk": 1,
    "fields": {
        "app_label": "admin",
        "model": "logentry"
    }
},
{
    "model": "contenttypes.contenttype",
    "pk": 2,
    "fields": {
        "app_label": "auth",
        "model": "permission"
    }
},
{
    "model": "contenttypes.contenttype",
    "pk": 3,
    "fields": {
        "app_label": "auth",
        "model": "group"
    }
},
{
    "model": "contenttypes.contenttype",
    "pk": 4,
    "fields": {
        "app_label": "contenttypes",
        "model": "contenttype"
    }
},
{
    "model": "contenttypes.contenttype",
    "pk": 5,
    "fields": {
        "app_label": "sessions",
        "model": "session"
    }
},
{
    "model": "contenttypes.contenttype",
    "pk": 6,
    "fields": {
        "app_label": "hotel",
        "model": "usuario"
    }
},
{
    "model": "contenttypes.contenttype",
    "pk": 7,
    "fields": {
        "app_label": "hotel",
        "model": "cliente"
    }
},
{
    "model": "contenttypes.contenttype",
    "pk": 8,
    "fields": {
        "app_label": "hotel",
        "model": "comodidad"
    }
},
{
    "model": "contenttypes.contenttype",
    "pk": 9,
    "fields": {
        "app_label": "hotel",
        "model": "evento"
    }
},
{
    "model": "contenttypes.contenttype",
    "pk": 10,
    "fields": {
        "app_label": "hotel",
        "model": "habitacion"
    }
},
{
    "model": "contenttypes.contenttype",
    "pk": 11,
    "fields": {
        "app_label": "hotel",
        "model": "reserva"
    }
},
{
    "model": "contenttypes.contenttype",
    "pk": 12,
    "fields": {
        "app_label": "hotel",
        "model": "reservaservicio"
    }
},
{
    "model": "contenttypes.contenttype",
    "pk": 13,
    "fields": {
        "app_label": "hotel",
        "model": "uploadedfile"
    }
},
{
    "model": "contenttypes.contenttype",
    "pk": 14,
    "fields": {
        "app_label": "hotel",
        "model": "servicio"
    }
},
{
    "model": "contenttypes.contenttype",
    "pk": 15,
    "fields": {
        "app_label": "hotel",
        "model": "reservaevento"
    }
},
{
    "model": "contenttypes.contenttype",
    "pk": 16,
    "fields": {
        "app_label": "hotel",
        "model": "puntuacion"
    }
},
{
    "model": "contenttypes.contenttype",
    "pk": 17,
    "fields": {
        "app_label": "hotel",
        "model": "promocion"
    }
},
{
    "model": "contenttypes.contenttype",
    "pk": 18,
    "fields": {
        "app_label": "hotel",
        "model": "habitacionfavorita"
    }
},
{
    "model": "contenttypes.contenttype",
    "pk": 19,
    "fields": {
        "app_label": "hotel",
        "model": "habitacioncomodidad"
    }
},
{
    "model": "contenttypes.contenttype",
    "pk": 20,
    "fields": {
        "app_label": "hotel",
        "model": "estancia"
    }
},
{
    "model": "contenttypes.contenttype",
    "pk": 21,
    "fields": {
        "app_label": "hotel",
        "model": "empleado"
    }
},
{
    "model": "contenttypes.contenttype",
    "pk": 22,
    "fields": {
        "app_label": "hotel",
        "model": "cuentabancaria"
    }
},
{
    "model": "contenttypes.contenttype",
    "pk": 23,
    "fields": {
        "app_label": "hotel",
        "model": "comentario"
    }
},
{
    "model": "contenttypes.contenttype",
    "pk": 24,
    "fields": {
        "app_label": "hotel",
        "model": "checkout"
    }
},
{
    "model": "contenttypes.contenttype",
    "pk": 25,
    "fields": {
        "app_label": "hotel",
        "model": "checkin"
    }
},
{
    "model": "contenttypes.contenttype",
    "pk": 26,
    "fields": {
        "app_label": "oauth2_provider",
        "model": "application"
    }
},
{
    "model": "contenttypes.contenttype",
    "pk": 27,
    "fields": {
        "app_label": "oauth2_provider",
        "model": "accesstoken"
    }
},
{
    "model": "contenttypes.contenttype",
    "pk": 28,
    "fields": {
        "app_label": "oauth2_provider",
        "model": "grant"
    }
},
{
    "model": "contenttypes.contenttype",
    "pk": 29,
    "fields": {
        "app_label": "oauth2_provider",
        "model": "refreshtoken"
    }
},
{
    "model": "contenttypes.contenttype",
    "pk": 30,
    "fields": {
        "app_label": "oauth2_provider",
        "model": "idtoken"
    }
},
{
    "model": "hotel.usuario",
    "pk": 1,
    "fields": {
        "password": "Week go represent peace. Again will your either us.",
        "last_login": "1982-03-04T08:51:40.289Z",
        "is_superuser": true,
        "username": "annettefrazier",
        "first_name": "Paula",
        "last_name": "Russo",
        "email": "alanwalsh@example.org",
        "is_staff": true,
        "is_active": true,
        "date_joined": "2024-03-10T20:01:48.496Z",
        "ROL": 2,
        "groups": [],
        "user_permissions": []
    }
},
{
    "model": "hotel.usuario",
    "pk": 2,
    "fields": {
        "password": "Trade hot there school common trip may. Food interview spring weight.\nAbove father city. Street today catch important.",
        "last_login": "1994-04-18T10:54:46.582Z",
        "is_superuser": false,
        "username": "wwillis",
        "first_name": "Ashley",
        "last_name": "Miller",
        "email": "tammy.hodge@example.com",
        "is_staff": false,
        "is_active": true,
        "date_joined": "2024-03-10T20:01:48.496Z",
        "ROL": 2,
        "groups": [],
        "user_permissions": []
    }
},
{
    "model": "hotel.usuario",
    "pk": 3,
    "fields": {
        "password": "Yes list trial put style teach several. Green threat history whose national image.",
        "last_login": "1980-08-30T19:02:57.420Z",
        "is_superuser": false,
        "username": "snydererin",
        "first_name": "Ashley",
        "last_name": "Golden",
        "email": "oliver.wallace@example.com",
        "is_staff": true,
        "is_active": true,
        "date_joined": "2024-03-10T20:01:48.496Z",
        "ROL": 2,
        "groups": [],
        "user_permissions": []
    }
}
,
{
    "model": "hotel.cliente",
    "pk": 1,
    "fields": {
        "usuario": 2,
        "nombre": "Kyle Anderson",
        "correo_electronico": "kyle.anderson@example.com",
        "telefono": "+1 (555) 234-5678",
        "direccion": "789 Oak Street, Anytown, USA"
    }
},
{
    "model": "hotel.cliente",
    "pk": 2,
    "fields": {
        "usuario": 1,
        "nombre": "Tammy Hodge",
        "correo_electronico": "tammy.hodge@example.com",
        "telefono": "+1 (555) 876-5432",
        "direccion": "456 Pine Street, Anytown, USA"
    }
},
{
    "model": "hotel.cliente",
    "pk": 3,
    "fields": {
        "usuario": 3,
        "nombre": "Oliver Wallace",
        "correo_electronico": "oliver.wallace@example.com",
        "telefono": "+1 (555) 987-6543",
        "direccion": "123 Maple Street, Anytown, USA"
    }
}
,
{
    "model": "hotel.habitacion",
    "pk": 1,
    "fields": {
        "numero_hab": 1,
        "tipo": "Pequeño",
        "precio_noche": 50
    }
},
{
    "model": "hotel.habitacion",
    "pk": 2,
    "fields": {
        "numero_hab": 2,
        "tipo": "Mediano",
        "precio_noche": 75
    }
},
{
    "model": "hotel.habitacion",
    "pk": 3,
    "fields": {
        "numero_hab": 3,
        "tipo": "Grande",
        "precio_noche": 100
    }
}
,
{
    "model": "hotel.habitacionfavorita",
    "pk": 1,
    "fields": {
        "cliente": 1,
        "habitacion": 1
    }
},
{
    "model": "hotel.habitacionfavorita",
    "pk": 2,
    "fields": {
        "cliente": 2,
        "habitacion": 2
    }
},
{
    "model": "hotel.habitacionfavorita",
    "pk": 3,
    "fields": {
        "cliente": 2,
        "habitacion": 2
    }
},
{
    "model": "hotel.reserva",
    "pk": 1,
    "fields": {
        "cliente": 2,
        "habitacion": 2,
        "fecha_entrada": "2024-03-10T20:01:48.497Z",
        "fecha_salida": "2024-03-10T20:01:48.497Z"
    }
},
{
    "model": "hotel.reserva",
    "pk": 2,
    "fields": {
        "cliente": 2,
        "habitacion": 2,
        "fecha_entrada": "2024-03-10T20:01:48.497Z",
        "fecha_salida": "2024-03-10T20:01:48.497Z"
    }
},
{
    "model": "hotel.reserva",
    "pk": 3,
    "fields": {
        "cliente": 1,
        "habitacion": 2,
        "fecha_entrada": "2024-03-10T20:01:48.497Z",
        "fecha_salida": "2024-03-10T20:01:48.497Z"
    }
},
{
    "model": "hotel.estancia",
    "pk": 1,
    "fields": {
        "reserva": 3,
        "fecha_llegada": "2024-03-10T20:01:48.497Z",
        "fecha_salida": "2024-03-10T20:01:48.497Z"
    }
},
{
    "model": "hotel.estancia",
    "pk": 2,
    "fields": {
        "reserva": 2,
        "fecha_llegada": "2024-03-10T20:01:48.497Z",
        "fecha_salida": "2024-03-10T20:01:48.497Z"
    }
},
{
    "model": "hotel.estancia",
    "pk": 3,
    "fields": {
        "reserva": 1,
        "fecha_llegada": "2024-03-10T20:01:48.497Z",
        "fecha_salida": "2024-03-10T20:01:48.497Z"
    }
},

    {
        "model": "hotel.servicio",
        "pk": 1,
        "fields": {
            "nombre": "Desayuno",
            "descripcion": "Disfruta de un delicioso desayuno buffet con una amplia variedad de opciones, desde frutas frescas hasta pan recién horneado y huevos preparados a tu gusto.",
            "precio": 8.29
        }
    },
    {
        "model": "hotel.servicio",
        "pk": 2,
        "fields": {
            "nombre": "Almuerzo",
            "descripcion": "Deléitate con un almuerzo gourmet que combina ingredientes frescos y sabores únicos. Nuestros chefs te sorprenderán con exquisitas creaciones culinarias.",
            "precio": 6.78
        }
    },
    {
        "model": "hotel.servicio",
        "pk": 3,
        "fields": {
            "nombre": "Cena",
            "descripcion": "Disfruta de una cena elegante y sofisticada en nuestro restaurante de primera clase. Déjate llevar por la magia de la gastronomía gourmet en un ambiente exclusivo.",
            "precio": 9.15
        }
    }

,
{
    "model": "hotel.reservaservicio",
    "pk": 1,
    "fields": {
        "reserva": 1,
        "servicio": 1,
        "cantidad": null
    }
},
{
    "model": "hotel.reservaservicio",
    "pk": 2,
    "fields": {
        "reserva": 3,
        "servicio": 1,
        "cantidad": null
    }
},
{
    "model": "hotel.reservaservicio",
    "pk": 3,
    "fields": {
        "reserva": 1,
        "servicio": 2,
        "cantidad": null
    }
},
{
    "model": "hotel.reservaservicio",
    "pk": 4,
    "fields": {
        "reserva": 3,
        "servicio": 3,
        "cantidad": null
    }
},
{
    "model": "hotel.reservaservicio",
    "pk": 5,
    "fields": {
        "reserva": 3,
        "servicio": 1,
        "cantidad": 6514
    }
},
{
    "model": "hotel.reservaservicio",
    "pk": 6,
    "fields": {
        "reserva": 1,
        "servicio": 3,
        "cantidad": 28318
    }
},
{
    "model": "hotel.reservaservicio",
    "pk": 7,
    "fields": {
        "reserva": 2,
        "servicio": 2,
        "cantidad": 19190
    }
},

    {
        "model": "hotel.empleado",
        "pk": 1,
        "fields": {
            "usuario": 2,
            "nombre": "Juan",
            "cargo": "Botones"
        }
    },
    {
        "model": "hotel.empleado",
        "pk": 2,
        "fields": {
            "usuario": 1,
            "nombre": "Pedro",
            "cargo": "Botones"
        }
    },
    {
        "model": "hotel.empleado",
        "pk": 3,
        "fields": {
            "usuario": 3,
            "nombre": "Roberto",
            "cargo": "Botones"
        }
    }

,
{
    "model": "hotel.checkin",
    "pk": 1,
    "fields": {
        "estancia": 3,
        "empleado": 2,
        "fecha_hora_check_in": "2024-03-10T20:01:48.497Z"
    }
},
{
    "model": "hotel.checkin",
    "pk": 2,
    "fields": {
        "estancia": 2,
        "empleado": 3,
        "fecha_hora_check_in": "2024-03-10T20:01:48.497Z"
    }
},
{
    "model": "hotel.checkin",
    "pk": 3,
    "fields": {
        "estancia": 1,
        "empleado": 3,
        "fecha_hora_check_in": "2024-03-10T20:01:48.497Z"
    }
},
{
    "model": "hotel.checkout",
    "pk": 1,
    "fields": {
        "estancia": 2,
        "empleado": 1,
        "fecha_hora_check_out": "2024-03-10T20:01:48.497Z"
    }
},
{
    "model": "hotel.checkout",
    "pk": 2,
    "fields": {
        "estancia": 1,
        "empleado": 1,
        "fecha_hora_check_out": "2024-03-10T20:01:48.497Z"
    }
},
{
    "model": "hotel.checkout",
    "pk": 3,
    "fields": {
        "estancia": 3,
        "empleado": 3,
        "fecha_hora_check_out": "2024-03-10T20:01:48.497Z"
    }
},

    {
        "model": "hotel.comentario",
        "pk": 2,
        "fields": {
            "cliente": 2,
            "habitacion": 2,
            "puntuacion": 25372,
            "comentario": "Picture tell popular free fly however tough. Small fast system six hour fear trial eight. Generation manager whose whole risk citizen.\nBox none industry and.",
            "fecha": "2024-03-10T20:01:48.497Z"
        }
    },
    {
        "model": "hotel.comentario",
        "pk": 3,
        "fields": {
            "cliente": 1,
            "habitacion": 1,
            "puntuacion": 20234,
            "comentario": "Trouble lawyer pick company technology hope. Future result understand city. Any by will item light outside house. Always director they together agent computer situation.",
            "fecha": "2024-03-10T20:01:48.497Z"
        }
    }

,
{
    "model": "hotel.comodidad",
    "pk": 1,
    "fields": {
        "nombre": "Beneficio de Viaje Antiguo",
        "descripcion": "Mantén la presión baja. El viento cultural del crimen de la mesa puede avanzar. Análisis desde un segundo soldado pequeño en contra. Cualquiera pequeño esfuerzo del sur del aire del patio."
    }
},
{
    "model": "hotel.comodidad",
    "pk": 2,
    "fields": {
        "nombre": "Nombre Social del Animal del Oeste",
        "descripcion": "Modelo de éxito militar público. Pequeño sí periódico. Aquellos tienen más alcance que otros. Ordena que aparezca el Congreso. Sólo sí corta libro de canciones humanas."
    }
},
{
    "model": "hotel.comodidad",
    "pk": 3,
    "fields": {
        "nombre": "Fuego Personal Moderno",
        "descripcion": "Beneficio declaración historia aumentar temor punto apenas cinco. Futura etapa de habilidad dejar. Mal recibir todo rápidamente. Hora trato pensamiento abrir científico."
    }
},
{
    "model": "hotel.habitacioncomodidad",
    "pk": 1,
    "fields": {
        "habitacion": 3,
        "comodidad": 1
    }
},
{
    "model": "hotel.habitacioncomodidad",
    "pk": 2,
    "fields": {
        "habitacion": 2,
        "comodidad": 2
    }
},
{
    "model": "hotel.habitacioncomodidad",
    "pk": 3,
    "fields": {
        "habitacion": 2,
        "comodidad": 3
    }
},
{
    "model": "hotel.habitacioncomodidad",
    "pk": 4,
    "fields": {
        "habitacion": 1,
        "comodidad": 2
    }
},
{
    "model": "hotel.habitacioncomodidad",
    "pk": 5,
    "fields": {
        "habitacion": 2,
        "comodidad": 1
    }
},
{
    "model": "hotel.habitacioncomodidad",
    "pk": 6,
    "fields": {
        "habitacion": 1,
        "comodidad": 3
    }
},
{
    "model": "hotel.evento",
    "pk": 1,
    "fields": {
      "nombre": "Keep big strong. In partner quality production among sign poor.\nTen third certainly scene top become. Week agency especially page team view speak. Generation tax heart full issue their.",
      "hora_inicio": "2024-03-10T20:01:48.497Z",
      "hora_final": "2024-03-10T20:01:48.497Z",
      "ubicacion": "Accept character step current. Key provide strategy yes standard set.\nEight thought ever across. Truth trouble itself during alone. Religious cultural many later woman its some."
    }
  },
  {
    "model": "hotel.evento",
    "pk": 2,
    "fields": {
      "nombre": "Art image star maybe level training. Whose three modern specific as would five. Standard both difficult spring another long. Adult mouth hundred population friend open.",
      "hora_inicio": "2024-03-10T20:01:48.497Z",
      "hora_final": "2024-03-10T20:01:48.497Z",
      "ubicacion": "Generation garden officer movie author ground. Purpose contain carry thousand. Difficult prepare government others eye approach sort. One full position write."
    }
  },
  {
    "model": "hotel.evento",
    "pk": 3,
    "fields": {
      "nombre": "A however suddenly together. Reality expect son project federal special. Up enjoy send degree finally.\nSave collection also blue our. Risk seek yes task walk program. Mind chance mission expert.",
      "hora_inicio": "2024-03-10T20:01:48.497Z",
      "hora_final": "2024-03-10T20:01:48.497Z",
      "ubicacion": "Since popular sing material style beyond another. Create keep end deal analysis interview subject. Garden reason key past central."
    }
  },
{
    "model": "hotel.reservaevento",
    "pk": 1,
    "fields": {
        "reserva": 3,
        "evento": 1
    }
},
{
    "model": "hotel.reservaevento",
    "pk": 2,
    "fields": {
        "reserva": 3,
        "evento": 2
    }
},
{
    "model": "hotel.reservaevento",
    "pk": 3,
    "fields": {
        "reserva": 1,
        "evento": 3
    }
},
{
    "model": "hotel.reservaevento",
    "pk": 4,
    "fields": {
        "reserva": 3,
        "evento": 3
    }
},
{
    "model": "hotel.reservaevento",
    "pk": 5,
    "fields": {
        "reserva": 1,
        "evento": 2
    }
},
{
    "model": "hotel.reservaevento",
    "pk": 6,
    "fields": {
        "reserva": 1,
        "evento": 2
    }
},
{
    "model": "hotel.reservaevento",
    "pk": 7,
    "fields": {
        "reserva": 2,
        "evento": 3
    }
},
{
    "model": "hotel.puntuacion",
    "pk": 1,
    "fields": {
      "cliente": 1,
      "evento": 2,
      "puntuacion": 5,
      "comentario": "Excelente evento, muy interesante y bien organizado. ¡Lo disfruté mucho!",
      "fecha": "2024-03-10T20:01:48.497Z"
    }
  },
  {
    "model": "hotel.puntuacion",
    "pk": 2,
    "fields": {
      "cliente": 3,
      "evento": 1,
      "puntuacion": 4,
      "comentario": "Buen evento, pero podría mejorar en algunos aspectos. En general, una experiencia positiva.",
      "fecha": "2024-03-10T20:01:48.497Z"
    }
  },
  {
    "model": "hotel.puntuacion",
    "pk": 3,
    "fields": {
      "cliente": 2,
      "evento": 3,
      "puntuacion": 5,
      "comentario": "Increíble evento, me encantó. Muy bien planificado y ejecutado. ¡Definitivamente volvería!",
      "fecha": "2024-03-10T20:01:48.497Z"
    }
  },
{
    "model": "hotel.cuentabancaria",
    "pk": 1,
    "fields": {
        "cliente": 3,
        "tipo": "Ca",
        "numero_cuenta": -1785
    }
},
{
    "model": "hotel.cuentabancaria",
    "pk": 2,
    "fields": {
        "cliente": 2,
        "tipo": "Ca",
        "numero_cuenta": 29032
    }
},
{
    "model": "hotel.cuentabancaria",
    "pk": 3,
    "fields": {
        "cliente": 1,
        "tipo": "Ca",
        "numero_cuenta": -31406
    }
},
{
    "model": "hotel.promocion",
    "pk": 1,
    "fields": {
      "nombre": "¡Descuento de verano!",
      "descripcion": "¡Aprovecha nuestro descuento especial de verano y disfruta de unas vacaciones inolvidables en nuestro hotel!",
      "usuario": 3,
      "descuento": 10,
      "fecha_fin": "2024-08-31"
    }
  },
  {
    "model": "hotel.promocion",
    "pk": 2,
    "fields": {
      "nombre": "¡Oferta de otoño!",
      "descripcion": "Reserva ahora y obtén un descuento exclusivo en tu estadía durante la temporada de otoño.",
      "usuario": 2,
      "descuento": 15,
      "fecha_fin": "2024-11-30"
    }
  },
  {
    "model": "hotel.promocion",
    "pk": 3,
    "fields": {
      "nombre": "¡Promoción de invierno!",
      "descripcion": "Aprovecha nuestras tarifas especiales de invierno y disfruta de todas nuestras comodidades a precios reducidos.",
      "usuario": 3,
      "descuento": 20,
      "fecha_fin": "2025-02-28"
    }
  }
,
{
    "model": "hotel.uploadedfile",
    "pk": 1,
    "fields": {
        "file": "run.png",
        "uploaded_on": "1993-05-15T11:20:18.466Z"
    }
},
{
    "model": "hotel.uploadedfile",
    "pk": 2,
    "fields": {
        "file": "ok.bmp",
        "uploaded_on": "2017-09-24T11:35:49.369Z"
    }
},
{
    "model": "hotel.uploadedfile",
    "pk": 3,
    "fields": {
        "file": "leader.gif",
        "uploaded_on": "1988-11-23T14:48:40.727Z"
    }
}
]
